{
    "matrix_id": "JANUS_SUPREMACY_6.21",
    "timestamp": 1775195107.571189,
    "score": 18.347458043009922,
    "state": [
        15.253036168752423,
        13.87856533297292,
        13.599476028327995,
        12.341653969550846,
        12.285653969550847,
        11.302094300676412,
        10.076767128932927,
        10.533444278091965,
        10.61898189690773,
        12.39324139248081,
        12.403137577134364,
        13.387414917222687,
        16.40656286739209,
        18.32581169014369,
        19.460021140043892,
        19.606459133342238,
        19.860882132372424,
        20.21479407483703,
        20.382389683463398,
        20.6338318540531,
        20.519144698380718,
        21.05602467684974,
        21.55286108963599,
        21.28170585353711,
        19.383993554746304,
        21.50384550846493,
        20.500294891247933,
        21.26859391917383,
        23.788338742469183,
        16.98239389438939,
        23.43286406957722,
        19.79095330190724,
        23.078929751051007,
        23.329248234600733,
        18.612157055111894,
        22.843669872554567,
        20.607468761613237,
        20.85866677453423,
        21.315635150693854,
        20.358421858519282,
        20.642076241204876,
        20.146403010875197,
        19.960276000828415,
        19.733645111437532,
        19.890739354551496,
        18.821281040457478,
        19.303170786290735,
        18.930156388395343,
        18.632841501766464,
        16.282881519380396
    ],
    "bias": 1.0,
    "alpha": 3.2037326368585717,
    "entropy": 7.637969598097779,
    "status": "FROZEN"
}
